,Model Name,MAE,MSE,RMSE,R2 Score,Duration
0,Linear Regression,4544.5237,45018729.3529,6709.5998,0.9123,3.4107182025909424
1,Catagory Boost Regressor,2185.8223,14750042.9769,3840.5785,0.9713,644.3598034381866
2,Bagging Regressor,1067.4657,7465197.8003,2732.2514,0.9854,3563.3154923915863
3,Decision Tree Regressor,1153.1429,11981268.9401,3461.397,0.9766,11974.539566516876
4,Random Forest Regressor,1067.5236,7469236.2416,2732.9903,0.9854,3425.554136991501
